{
  "2025-11-19": {
    "first": 0.10099999999999999,
    "last": 0.10099999999999999
  }
}